{"cameraMode":{"drawMode":0,"name":"Shaded","section":"Shading Mode"},"sceneLighting":true,"audioPlay":false,"sceneViewState":{"m_AlwaysRefresh":false,"showFog":true,"showSkybox":true,"showFlares":true,"showImageEffects":true,"showParticleSystems":true,"showVisualEffectGraphs":true,"m_FxEnabled":true},"in2DMode":false,"pivot":{"x":-18.764997482299806,"y":11.572500228881836,"z":-289.63592529296877},"rotation":{"x":0.07651437073945999,"y":0.8118665814399719,"z":-0.10928869992494583,"w":0.5683972835540772},"size":35.14896011352539,"orthographic":false}